,Postcode,Hospital_name,Use_IVT,Use_MT,Use_MSU,Country,Strategic Clinical Network,Health Board / Trust,Stroke Team_x,SSNAP name,Admissions 21/22,Thrombolysis,ivt_rate,Easting,Northing,long_x,lat_x,Neuroscience,30 England Thrombectomy Example,hospital_city,Notes,Stroke Team_y,long_y,lat_y,LSOA11CD,LSOA11NM,LSOA11NMW,LSOA11BNG_E,LSOA11BNG_N,LSOA11LONG,LSOA11LAT,MSOA11CD,MSOA11NM,CCG19CD,CCG19NM,ICB22CD,ICB22NM,LAD17CD,LAD17NM,STP19CD,STP19NM,LHB20CD,LHB20NM,LHB20NMW,SCN17CD,SCN17NM,RGN11CD,RGN11NM,CTRY11NM
0,RM70AG,RM70AG,1,1,1,England,London SCN,Barking, Havering and Redbridge University Hospitals NHS Trust,Queens Hospital Romford HASU,981,117,11.9,551118,187780,0.179030640661934,51.5686465521504,1,0,Romford,,Queens Hospital Romford HASU,0.17891397,51.568622,E01002248,Havering 017C,Havering 017C,550391.0,187661.0,0.168526,51.56777,E02000480,Havering 017,E38000077,NHS Havering CCG,E54000029,NHS North East London Integrated Care Board,E09000016,Havering,E54000029,East London Health and Care Partnership,,,,E55000014,London,E12000007,London,England
1,E11BB,E11BB,1,1,1,England,London SCN,Barts Health NHS Trust,The Royal London Hospital,Royal London Hospital HASU,861,115,13.4,534829,181798,-0.0581329916047372,51.5190178361295,1,1,Royal London,,Royal London Hospital HASU,-0.058075032,51.519026,E01004322,Tower Hamlets 017A,Tower Hamlets 017A,534863.0,181755.0,-0.05763,51.51862,E02000880,Tower Hamlets 017,E38000186,NHS Tower Hamlets CCG,E54000029,NHS North East London Integrated Care Board,E09000030,Tower Hamlets,E54000029,East London Health and Care Partnership,,,,E55000014,London,E12000007,London,England
2,SW66SX,SW66SX,1,1,1,England,London SCN,Imperial College Healthcare NHS Trust,"Charing Cross Hospital, London",Charing Cross Hospital HASU,1147,113,9.9,524226,176487,-0.212736111308184,51.4737165811988,1,1,Charing Cross,,Charing Cross Hospital HASU,-0.21272176,51.473716,E01001906,Hammersmith and Fulham 022C,Hammersmith and Fulham 022C,524352.0,176663.0,-0.21083,51.47527,E02000393,Hammersmith and Fulham 022,E38000070,NHS Hammersmith and Fulham CCG,E54000027,NHS North West London Integrated Care Board,E09000013,Hammersmith and Fulham,E54000027,North West London Health and Care Partnership,,,,E55000014,London,E12000007,London,England
3,SE59RW,SE59RW,1,1,1,England,London SCN,King's College Hospital NHS Foundation Trust,"King's College Hospital, London",King's College Hospital HASU,824,124,15.0,532536,176228,-0.0932514945350423,51.4695052907757,1,0,Kings College,,King's College Hospital HASU,-0.093251533,51.469505,E01003076,Lambeth 014C,Lambeth 014C,532410.0,175922.0,-0.09515,51.46678,E02000631,Lambeth 014,E38000092,NHS Lambeth CCG,E54000030,NHS South East London Integrated Care Board,E09000022,Lambeth,E54000030,Our Healthier South East London,,,,E55000014,London,E12000007,London,England
4,BR68ND,BR68ND,1,0,0,England,London SCN,King's College Hospital NHS Foundation Trust,Princess Royal University Hospital,Princess Royal University Hospital HASU,847,113,13.3,543443,165032,0.0591464390000555,51.3662434074157,0,0,Princess Royal,,Princess Royal University Hospital HASU,0.059625435,51.365713,E01000751,Bromley 036C,Bromley 036C,543288.0,164244.0,0.056632,51.3592,E02000162,Bromley 036,E38000023,NHS Bromley CCG,E54000030,NHS South East London Integrated Care Board,E09000006,Bromley,E54000030,Our Healthier South East London,,,,E55000014,London,E12000007,London,England
5,HA13UJ,HA13UJ,1,0,0,England,London SCN,London North West Healthcare NHS Trust,"Northwick Park Hospital, Harrow",Northwick Park Hospital HASU,1431,189,13.2,516376,187616,-0.322037114413578,51.5754068358267,0,0,Harrow,,Northwick Park Hospital HASU,-0.32248145,51.575098,E01000568,Brent 008D,Brent 008D,516615.0,187769.0,-0.31851,51.57673,E02000100,Brent 008,E38000020,NHS Brent CCG,E54000027,NHS North West London Integrated Care Board,E09000005,Brent,E54000027,North West London Health and Care Partnership,,,,E55000014,London,E12000007,London,England
6,SW170QT,SW170QT,1,1,1,England,London SCN,St George's Healthcare NHS Trust,"St George's Hospital, London",St George's Hospital HASU,918,72,7.8,526925,171324,-0.175746211515488,51.4267183590926,1,1,St Georgeâ€™s,,St George's Hospital HASU,-0.17574589,51.426727,E01004617,Wandsworth 034D,Wandsworth 034D,526881.0,171258.0,-0.17637,51.42613,E02000956,Wandsworth 034,E38000193,NHS Wandsworth CCG,E54000031,NHS South West London Integrated Care Board,E09000032,Wandsworth,E54000031,South West London Health and Care Partnership,,,,E55000014,London,E12000007,London,England
7,NW12BU,NW12BU,1,1,1,England,London SCN,University College London Hospitals NHS Foundation Trust,"University College London Hospital, London",University College Hospital HASU,1139,128,11.2,529347,182309,-0.136910525787811,51.5248907722667,1,1,UCL,,University College Hospital HASU,-0.13701251,51.524865,E01000854,Camden 026D,Camden 026D,529410.0,182122.0,-0.13604,51.52319,E02000191,Camden 026,E38000027,NHS Camden CCG,E54000028,NHS North Central London Integrated Care Board,E09000007,Camden,E54000028,North London Partners in Health and Care,,,,E55000014,London,E12000007,London,England
8,DE223NE,DE223NE,1,0,0,England,East Midlands SCN,Derby Hospitals NHS Foundation Trust,Royal Derby Hospital,Royal Derby Hospital,1299,87,6.7,432746,334973,-1.51451424931686,52.9111927427846,0,0,Derby,,Royal Derby Hospital,-1.5133206,52.911556,E01013542,Derby 017C,Derby 017C,432926.0,335342.0,-1.51179,52.91451,E02002812,Derby 017,E38000229,NHS Derby and Derbyshire CCG,E54000058,NHS Derby and Derbyshire Integrated Care Board,E06000015,Derby,E54000012,Joined Up Care Derbyshire,,,,E55000007,East Midlands,E12000004,East Midlands,England
9,NN15BD,NN15BD,1,0,0,England,East Midlands SCN,Northampton General Hospital NHS Trust,Northampton General Hospital,Northampton General Hospital,937,74,7.9,476319,260349,-0.883844017871808,52.2360536123159,0,0,Northampton,,Northampton General Hospital,-0.88668728,52.237132,E01027223,Northampton 025A,Northampton 025A,475839.0,260371.0,-0.89085,52.23633,E02005674,Northampton 025,E38000108,NHS Nene CCG,E54000059,NHS Northamptonshire Integrated Care Board,E07000154,Northampton,E54000020,Northamptonshire,,,,E55000007,East Midlands,E12000004,East Midlands,England
10,NG72UH,NG72UH,1,1,1,England,East Midlands SCN,Nottingham University Hospitals NHS Trust,Queen's Medical Centre - Nottingham,Queen's Medical Centre - Nottingham,1147,136,11.9,454811,338760,-1.185799590012,52.9434388160395,1,1,Nottingham,,Queen's Medical Centre - Nottingham,-1.1857996,52.943439,E01033410,Nottingham 031I,Nottingham 031I,454638.0,337782.0,-1.18853,52.93468,E02002898,Nottingham 031,E38000132,NHS Nottingham City CCG,E54000060,NHS Nottingham and Nottinghamshire Integrated Care Board,E06000018,Nottingham,E54000014,Nottingham and Nottinghamshire Health and Care,,,,E55000007,East Midlands,E12000004,East Midlands,England
11,NG51PB,NG51PB,0,0,0,England,East Midlands SCN,Nottingham University Hospitals NHS Trust,Nottingham City Hospital,None (for 72h care),0,0,0.0,456490,344070,-1.15989255725869,52.9909926915038,0,0,Nottingham,,,,,,,,,,,,,,,,,,,,,,,,,,,,,
12,NG174JL,NG174JL,1,0,0,England,East Midlands SCN,Sherwood Forest Hospitals NHS Foundation Trust,"Kings Mill Hospital, Mansfield",Kings Mill Hospital,668,59,8.8,451460,359962,-1.23228437448848,53.1343398097348,0,0,Mansfield,,Kings Mill Hospital,-1.2380927,53.134692,E01027985,Ashfield 004E,Ashfield 004E,450986.0,360034.0,-1.23935,53.13505,E02005822,Ashfield 004,E38000103,NHS Mansfield and Ashfield CCG,E54000060,NHS Nottingham and Nottinghamshire Integrated Care Board,E07000170,Ashfield,E54000014,Nottingham and Nottinghamshire Health and Care,,,,E55000007,East Midlands,E12000004,East Midlands,England
13,LN25QY,LN25QY,1,0,0,England,East Midlands SCN,United Lincolnshire Hospitals NHS Trust,Lincoln County Hospital,Lincoln County Hospital,914,58,6.3,498908,371749,-0.519635111940644,53.2335753886509,0,0,Lincoln,,Lincoln County Hospital,-0.51814791,53.232388,E01026125,Lincoln 003A,Lincoln 003A,498961.0,371946.0,-0.51878,53.23535,E02005444,Lincoln 003,E38000100,NHS Lincolnshire West CCG,E54000013,NHS Lincolnshire Integrated Care Board,E07000138,Lincoln,E54000013,Lincolnshire,,,,E55000007,East Midlands,E12000004,East Midlands,England
14,PE219QS,PE219QS,0,0,0,England,East Midlands SCN,United Lincolnshire Hospitals NHS Trust,"Pilgrim Hospital, Boston",Pilgrim Hospital,0,0,0.0,533673,345607,-0.0099677032921608,52.9911250993485,0,0,Boston,,,,,,,,,,,,,,,,,,,,,,,,,,,,,
15,LE15WW,LE15WW,1,0,0,England,East Midlands SCN,University Hospitals of Leicester NHS Trust,Leicester Royal Infirmary,Leicester Royal Infirmary,1205,150,12.4,458660,303691,-1.13480277925091,52.6278165276874,0,0,Leicester,,Leicester Royal Infirmary,-1.1348028,52.627817,E01013647,Leicester 040B,Leicester 040B,458726.0,303656.0,-1.13382,52.62751,E02006850,Leicester 040,E38000097,NHS Leicester City CCG,E54000015,"NHS Leicester, Leicestershire and Rutland Integrated Care Board",E06000016,Leicester,E54000015,"Leicester, Leicestershire and Rutland",,,,E55000007,East Midlands,E12000004,East Midlands,England
16,SS165NL,SS165NL,1,0,0,England,East of England SCN,Basildon and Thurrock University Hospitals NHS Foundation Trust,Basildon University Hospital,Basildon University Hospital,601,59,9.8,569975,187156,0.450556811987561,51.5576770854241,0,0,Basildon,,Basildon University Hospital,0.45055726,51.557686,E01021297,Basildon 020D,Basildon 020D,569960.0,187429.0,0.450503,51.56013,E02004443,Basildon 020,E38000007,NHS Basildon and Brentwood CCG,E54000026,NHS Mid and South Essex Integrated Care Board,E07000066,Basildon,E54000026,Mid and South Essex,,,,E55000006,East of England,E12000006,East of England,England
17,MK429DJ,MK429DJ,0,0,0,England,East of England SCN,Bedford Hospital NHS Trust,Bedford Hospital,Bedford Hospital,186,0,0.0,504661,248873,-0.472495058765349,52.1282645114693,0,0,Bedford,,,,,,,,,,,,,,,,,,,,,,,,,,,,,
18,CB20QQ,CB20QQ,1,1,1,England,East of England SCN,Cambridge University Hospitals NHS Foundation Trust,"Addenbrooke's Hospital, Cambridge",Addenbrooke's Hospital,757,106,14.0,546375,254988,0.139114480160586,52.1737406819892,1,1,Cambridge,,Addenbrooke's Hospital,0.13911444,52.173741,E01017995,Cambridge 013D,Cambridge 013D,546958.0,254958.0,0.147649,52.17332,E02003731,Cambridge 013,E38000026,NHS Cambridgeshire and Peterborough CCG,E54000056,NHS Cambridgeshire and Peterborough Integrated Care Board,E07000008,Cambridge,E54000021,Cambridgeshire and Peterborough,,,,E55000006,East of England,E12000006,East of England,England
19,CO45JL,CO45JL,1,0,0,England,East of England SCN,Colchester Hospital University NHS Foundation Trust,Colchester General Hospital,Colchester General Hospital,686,47,6.9,599511,227486,0.899182347494127,51.9101640973466,0,1,Colchester,,Colchester General Hospital,0.89936594,51.909629,E01021682,Colchester 004D,Colchester 004D,599811.0,228409.0,0.904104,51.91835,E02004509,Colchester 004,E38000117,NHS North East Essex CCG,E54000023,NHS Suffolk and North East Essex Integrated Care Board,E07000071,Colchester,E54000023,Suffolk and North East Essex,,,,E55000006,East of England,E12000006,East of England,England
20,SG14AB,SG14AB,1,0,0,England,East of England SCN,East and North Hertfordshire NHS Trust,"Lister Hospital, Stevenage",Lister Hospital,777,53,6.8,522999,226630,-0.212726033417137,51.9246106367034,0,0,Stevenage,,Lister Hospital,-0.21272607,51.924611,E01023800,Stevenage 002E,Stevenage 002E,522920.0,226512.0,-0.21389,51.92357,E02004945,Stevenage 002,E38000049,NHS East and North Hertfordshire CCG,E54000025,NHS Hertfordshire and West Essex Integrated Care Board,E07000243,Stevenage,E54000025,Hertfordshire and West Essex,,,,E55000006,East of England,E12000006,East of England,England
21,IP45PD,IP45PD,1,0,0,England,East of England SCN,Ipswich Hospital NHS Trust,Ipswich Hospital,Ipswich Hospital,467,50,10.7,619336,244656,1.1979147145838,52.0568488550002,0,0,Ipswich,,Ipswich Hospital,1.1963461,52.060012,E01029964,Ipswich 009B,Ipswich 009B,618849.0,245114.0,1.191147,52.06116,E02006253,Ipswich 009,E38000086,NHS Ipswich and East Suffolk CCG,E54000023,NHS Suffolk and North East Essex Integrated Care Board,E07000202,Ipswich,E54000023,Suffolk and North East Essex,,,,E55000006,East of England,E12000006,East of England,England
22,NR316LA,NR316LA,1,0,0,England,East of England SCN,James Paget University Hospitals NHS Foundation Trust,"James Paget Hospitals, Great Yarmouth",James Paget Hospital,468,58,12.4,652093,302477,1.71797997370448,52.5616719862226,0,0,Great Yarmouth,,James Paget Hospital,1.7179799,52.561672,E01026617,Great Yarmouth 011A,Great Yarmouth 011A,651858.0,302692.0,1.714707,52.56373,E02005548,Great Yarmouth 011,E38000063,NHS Great Yarmouth and Waveney CCG,E54000022,NHS Norfolk and Waveney Integrated Care Board,E07000145,Great Yarmouth,E54000022,Norfolk and Waveney Health and Care Partnership,,,,E55000006,East of England,E12000006,East of England,England
23,LU40DZ,LU40DZ,1,0,0,England,East of England SCN,Luton and Dunstable University Hospital NHS Foundation Trust,Luton and Dunstable Hospital,Luton and Dunstable Hospital,693,126,18.2,504961,222970,-0.476044000548676,51.8954050732183,0,1,Luton and Dunstable,,Luton and Dunstable Hospital,-0.47426894,51.894177,E01015713,Luton 013A,Luton 013A,505370.0,222820.0,-0.47012,51.89398,E02003270,Luton 013,E38000102,NHS Luton CCG,E54000024,"NHS Bedfordshire, Luton and Milton Keynes Integrated Care Board",E06000032,Luton,E54000024,"Bedfordshire, Luton and Milton Keynes",,,,E55000006,East of England,E12000006,East of England,England
24,CM17ET,CM17ET,1,0,0,England,East of England SCN,Mid Essex Hospital Services NHS Trust,"Broomfield Hospital, Chelmsford",Broomfield Hospital,669,56,8.4,570230,211319,0.465993496844765,51.7746544008667,0,0,Chelmsford,,Broomfield Hospital,0.46542433,51.774585,E01021542,Chelmsford 002A,Chelmsford 002A,569843.0,210761.0,0.460144,51.76976,E02004486,Chelmsford 002,E38000106,NHS Mid Essex CCG,E54000026,NHS Mid and South Essex Integrated Care Board,E07000070,Chelmsford,E54000026,Mid and South Essex,,,,E55000006,East of England,E12000006,East of England,England
25,NR47UY,NR47UY,1,0,0,England,East of England SCN,Norfolk and Norwich University Hospitals NHS Foundation Trust,Norfolk and Norwich University Hospital,Norfolk and Norwich University Hospital,1060,122,11.5,618143,307129,1.22106688985047,52.6180857993543,0,1,Norwich,,Norfolk and Norwich University Hospital,1.2210668,52.618086,E01026883,South Norfolk 002C,South Norfolk 002C,616500.0,308371.0,1.197671,52.62991,E02005598,South Norfolk 002,E38000219,NHS South Norfolk CCG,E54000022,NHS Norfolk and Waveney Integrated Care Board,E07000149,South Norfolk,E54000022,Norfolk and Waveney Health and Care Partnership,,,,E55000006,East of England,E12000006,East of England,England
26,PE39GZ,PE39GZ,1,0,0,England,East of England SCN,Peterborough and Stamford Hospitals NHS Foundation Trust,Peterborough City Hospital,Peterborough City Hospital,722,94,13.0,516674,299847,-0.279385619734279,52.5839210847189,0,0,Peterborough,,Peterborough City Hospital,-0.28009333,52.585451,E01015691,Peterborough 015E,Peterborough 015E,516923.0,299722.0,-0.27574,52.58276,E02003251,Peterborough 015,E38000026,NHS Cambridgeshire and Peterborough CCG,E54000056,NHS Cambridgeshire and Peterborough Integrated Care Board,E06000031,Peterborough,E54000021,Cambridgeshire and Peterborough,,,,E55000006,East of England,E12000006,East of England,England
27,PE304ET,PE304ET,1,0,0,England,East of England SCN,Queen Elizabeth Hospital King's Lynn NHS Foundation Trust,"Queen Elizabeth Hospital, Kings Lynn",Queen Elizabeth Hospital Kings Lynn,628,75,11.9,565228,320492,0.44698404142333,52.756772402313,0,0,Kings Lynn,,Queen Elizabeth Hospital Kings Lynn,0.44699931,52.756781,E01026714,King's Lynn and West Norfolk 010D,King's Lynn and West Norfolk 010D,564817.0,320878.0,0.441109,52.76038,E02005560,King's Lynn and West Norfolk 010,E38000203,NHS West Norfolk CCG,E54000022,NHS Norfolk and Waveney Integrated Care Board,E07000146,King's Lynn and West Norfolk,E54000022,Norfolk and Waveney Health and Care Partnership,,,,E55000006,East of England,E12000006,East of England,England
28,SS00RY,SS00RY,1,0,0,England,East of England SCN,Southend University Hospital NHS Foundation Trust,Southend Hospital,Southend Hospital,646,82,12.7,586491,187309,0.688617436073188,51.5538375205588,0,0,Southend,,Southend Hospital,0.68909337,51.553836,E01015860,Southend-on-Sea 004D,Southend-on-Sea 004D,586933.0,187370.0,0.695047,51.55424,E02003282,Southend-on-Sea 004,E38000168,NHS Southend CCG,E54000026,NHS Mid and South Essex Integrated Care Board,E06000033,Southend-on-Sea,E54000026,Mid and South Essex,,,,E55000006,East of England,E12000006,East of England,England
29,WD180HB,WD180HB,1,0,0,England,East of England SCN,West Hertfordshire Hospitals NHS Trust,Watford General Hospital,Watford General Hospital,607,82,13.5,510505,195664,-0.404187444550669,51.6489209238077,0,0,Watford,,Watford General Hospital,-0.40447202,51.649051,E01023901,Watford 010C,Watford 010C,510560.0,196042.0,-0.40325,51.65231,E02004977,Watford 010,E38000079,NHS Herts Valleys CCG,E54000025,NHS Hertfordshire and West Essex Integrated Care Board,E07000103,Watford,E54000025,Hertfordshire and West Essex,,,,E55000006,East of England,E12000006,East of England,England
30,IP332QZ,IP332QZ,1,0,0,England,East of England SCN,West Suffolk NHS Foundation Trust,"West Suffolk Hospital, Bury St Edmunds",West Suffolk Hospital,563,52,9.2,585110,262732,0.709175611560873,52.2316622761548,0,0,Bury St Edmunds,,West Suffolk Hospital,0.70917557,52.231662,E01030142,St Edmundsbury 009B,St Edmundsbury 009B,585225.0,262644.0,0.710839,52.23085,E02006281,St Edmundsbury 009,E38000204,NHS West Suffolk CCG,E54000023,NHS Suffolk and North East Essex Integrated Care Board,E07000204,St Edmundsbury,E54000023,Suffolk and North East Essex,,,,E55000006,East of England,E12000006,East of England,England
31,DE130RB,DE130RB,0,0,0,England,West Midlands SCN,Burton Hospitals NHS Foundation Trust,"Queens Hospital, Burton upon Trent",Queens Hospital Burton upon Trent,0,0,0.0,423255,324526,-1.65638366252344,52.8177750228077,0,0,Burton upon Trent,,,,,,,,,,,,,,,,,,,,,,,,,,,,,
32,DY12HQ,DY12HQ,1,0,0,England,West Midlands SCN,Dudley Group of Hospitals NHS Foundation Trust,University Hospitals Dorset HASU,Russells Hall Hospital,549,45,8.2,392052,289456,-2.11851753607567,52.5029438515581,0,0,Dudley,,Russells Hall Hospital,-2.1177498,52.502306,E01009884,Dudley 013D,Dudley 013D,392282.0,289465.0,-2.11512,52.50304,E02002012,Dudley 013,E38000046,NHS Dudley CCG,E54000062,NHS Black Country Integrated Care Board,E08000027,Dudley,E54000016,The Black Country and West Birmingham,,,,E55000008,West Midlands,E12000005,West Midlands,England
33,CV107DJ,CV107DJ,0,0,0,England,West Midlands SCN,George Eliot Hospital NHS Trust,"George Eliot Hospital, Nuneaton",George Eliot Hospital,223,0,0.0,435493,290649,-1.47843913962804,52.5125803721024,0,0,Nuneaton,,,,,,,,,,,,,,,,,,,,,,,,,,,,,
34,B95SS,B95SS,0,0,0,England,West Midlands SCN,Heart of England NHS Foundation Trust,Birmingham Heartlands Hospital,Birmingham Heartlands Hospital,352,0,0.0,411645,286935,-1.82996554832526,52.4802180240312,0,0,Birmingham,Service moving to QE-II,,,,,,,,,,,,,,,,,,,,,,,,,,,,
35,WV100QP,WV100QP,1,0,0,England,West Midlands SCN,Royal Wolverhampton NHS Trust,"New Cross Hospital, Wolverhampton",New Cross Hospital,1038,98,9.4,393625,300219,-2.09555502091003,52.5997224486091,0,0,Wolverhampton,,New Cross Hospital,-2.0963786,52.598247,E01010476,Wolverhampton 015E,Wolverhampton 015E,393666.0,300014.0,-2.09493,52.59789,E02002163,Wolverhampton 015,E38000210,NHS Wolverhampton CCG,E54000062,NHS Black Country Integrated Care Board,E08000031,Wolverhampton,E54000016,The Black Country and West Birmingham,,,,E55000008,West Midlands,E12000005,West Midlands,England
36,B714HJ,B714HJ,1,0,0,England,West Midlands SCN,Sandwell and West Birmingham Hospitals NHS Trust,"Sandwell District Hospital, West Bromwich",Sandwell District Hospital,741,50,6.7,400919,292165,-1.98788440403735,52.5273565194392,0,0,West Bromwich,,Sandwell District Hospital,-1.9878844,52.527357,E01010104,Sandwell 017E,Sandwell 017E,401051.0,291579.0,-1.98593,52.5221,E02002059,Sandwell 017,E38000144,NHS Sandwell and West Birmingham CCG,E54000062,NHS Black Country Integrated Care Board,E08000028,Sandwell,E54000016,The Black Country and West Birmingham,,,,E55000008,West Midlands,E12000005,West Midlands,England
37,TF16TF,TF16TF,1,0,0,England,West Midlands SCN,Shrewsbury and Telford Hospital NHS Trust,"Princess Royal Hospital, Telford",Princess Of Wales Hospital,358,41,11.5,365542,312839,-2.51149065773073,52.7121067752855,0,1,Telford,,Princess Royal Hospital Telford,-2.510547,52.712417,E01014102,Telford and Wrekin 007A,Telford and Wrekin 007A,365679.0,313565.0,-2.50953,52.71865,E02002934,Telford and Wrekin 007,E38000183,NHS Telford and Wrekin CCG,E54000011,"NHS Shropshire, Telford and Wrekin Integrated Care Board",E06000020,Telford and Wrekin,E54000011,Shropshire and Telford and Wrekin,,,,E55000008,West Midlands,E12000005,West Midlands,England
38,CV345BW,CV345BW,0,0,0,England,West Midlands SCN,South Warwickshire NHS Foundation Trust,Warwick Hospital,Warwick Hospital,330,0,0.0,428507,265853,-1.58347787164848,52.2900769531026,0,0,Warwick,,Warwick Hospital,-1.5832152,52.28995,E01031323,Warwick 011C,Warwick 011C,428366.0,265525.0,-1.58556,52.28715,E02006529,Warwick 011,E38000164,NHS South Warwickshire CCG,E54000018,NHS Coventry and Warwickshire Integrated Care Board,E07000222,Warwick,E54000018,Coventry and Warwickshire,,,,E55000008,West Midlands,E12000005,West Midlands,England
39,B152TH,B152TH,1,1,1,England,West Midlands SCN,University Hospitals Birmingham NHS Foundation Trust,"Queen Elizabeth Hospital, Birmingham",Queen Elizabeth Hospital Edgbaston,1138,101,8.9,404278,283916,-1.93847612191795,52.4531832173322,1,1,Birmingham,,Queen Elizabeth Hospital Edgbaston,-1.9362835,52.453272,E01033562,Birmingham 087F,Birmingham 087F,403869.0,283830.0,-1.94449,52.45242,E02001913,Birmingham 087,E38000220,NHS Birmingham and Solihull CCG,E54000055,NHS Birmingham and Solihull Integrated Care Board,E08000025,Birmingham,E54000017,Birmingham and Solihull,,,,E55000008,West Midlands,E12000005,West Midlands,England
40,CV22DX,CV22DX,1,1,1,England,West Midlands SCN,University Hospitals Coventry and Warwickshire NHS Trust,"University Hospital, Coventry",University Hospital Coventry,869,120,13.8,438289,280506,-1.43840317011227,52.4212107828131,1,1,Coventry,,University Hospital Coventry,-1.4435031,52.421424,E01009580,Coventry 019A,Coventry 019A,438494.0,280492.0,-1.43538,52.42108,E02001976,Coventry 019,E38000038,NHS Coventry and Rugby CCG,E54000018,NHS Coventry and Warwickshire Integrated Care Board,E08000026,Coventry,E54000018,Coventry and Warwickshire,,,,E55000008,West Midlands,E12000005,West Midlands,England
41,ST46QG,ST46QG,1,1,1,England,West Midlands SCN,University Hospitals of North Midlands NHS Trust,Royal Stoke University Hospital,Royal Stoke University Hospital,1101,115,10.4,385678,345211,-2.21487229427689,53.0040206722322,1,1,Stoke,,Royal Stoke University Hospital,-2.2148723,53.004021,E01014294,Stoke-on-Trent 018F,Stoke-on-Trent 018F,386120.0,345108.0,-2.20828,53.00312,E02002968,Stoke-on-Trent 018,E38000175,NHS Stoke on Trent CCG,E54000010,NHS Staffordshire and Stoke-on-Trent Integrated Care Board,E06000021,Stoke-on-Trent,E54000010,Staffordshire and Stoke on Trent,,,,E55000008,West Midlands,E12000005,West Midlands,England
42,WS29PS,WS29PS,0,0,0,England,West Midlands SCN,Walsall Healthcare NHS Trust,"Manor Hospital, Walsall",None (for 72h care),0,0,0.0,400170,298280,-1.99892359666093,52.582330002189,0,0,Walsall,,,,,,,,,,,,,,,,,,,,,,,,,,,,,
43,WR51DD,WR51DD,1,0,0,England,West Midlands SCN,Worcestershire Acute Hospitals NHS Trust,"Worcestershire Royal Hospital, Worcester",Worcestershire Royal Hospital,721,49,6.8,387713,254788,-2.18115804912882,52.1911930883414,0,0,Worcester,,Worcestershire Royal Hospital,-2.1811435,52.191202,E01032309,Worcester 010D,Worcester 010D,387034.0,254422.0,-2.19107,52.18789,E02006743,Worcester 010,E38000166,NHS South Worcestershire CCG,E54000019,NHS Herefordshire and Worcestershire Integrated Care Board,E07000237,Worcester,E54000019,Herefordshire and Worcestershire,,,,E55000008,West Midlands,E12000005,West Midlands,England
44,HR12ER,HR12ER,1,0,0,England,West Midlands SCN,Wye Valley NHS Trust,Hereford County Hospital,Hereford County Hospital,510,50,9.8,351710,240083,-2.70570882496915,52.0570128114409,0,0,Hereford,,Hereford County Hospital,-2.7055327,52.056942,E01014011,Herefordshire 012D,Herefordshire 012D,351564.0,239930.0,-2.70781,52.05563,E02002916,Herefordshire 012,E38000078,NHS Herefordshire CCG,E54000019,NHS Herefordshire and Worcestershire Integrated Care Board,E06000019,"Herefordshire, County of",E54000019,Herefordshire and Worcestershire,,,,E55000008,West Midlands,E12000005,West Midlands,England
45,L97AL,L97AL,1,1,1,England,Cheshire and Mersey SCN,Aintree University Hospitals NHS Foundation Trust,"University Hospital Aintree, Liverpool",University Hospital Aintree,501,47,9.4,338285,397024,-2.93110382448232,53.4663225961447,1,1,Aintree,No IVT. MT at Walton Centre (located on Aintree site),University Hospital Aintree,-2.9351308,53.467918,E01006654,Liverpool 005A,Liverpool 005A,337789.0,396962.0,-2.93856,53.46572,E02001351,Liverpool 005,E38000101,NHS Liverpool CCG,E54000008,NHS Cheshire and Merseyside Integrated Care Board,E08000012,Liverpool,E54000008,Cheshire and Merseyside,,,,E55000002,Cheshire and Merseyside,E12000002,North West,England
46,CH21UL,CH21UL,1,0,0,England,Cheshire and Mersey SCN,Countess of Chester Hospital NHS Foundation Trust,"Countess of Chester Hospital, Chester",Countess of Chester Hospital,452,35,7.7,340130,368347,-2.89788420554075,53.2088002915049,0,0,Chester,,Countess of Chester Hospital,-2.8990244,53.211767,E01018377,Cheshire West and Chester 028F,Cheshire West and Chester 028F,340312.0,369127.0,-2.8953,53.21584,E02003797,Cheshire West and Chester 028,E38000196,NHS West Cheshire CCG,E54000008,NHS Cheshire and Merseyside Integrated Care Board,E06000050,Cheshire West and Chester,E54000008,Cheshire and Merseyside,,,,E55000002,Cheshire and Merseyside,E12000002,North West,England
47,CW14QJ,CW14QJ,1,0,0,England,Cheshire and Mersey SCN,Mid Cheshire Hospitals NHS Foundation Trust,"Leighton Hospital, Crewe",Leighton Hospital,473,9,1.9,368248,357940,-2.4758630655142,53.1176851365896,0,0,Crewe,,Leighton Hospital,-2.4758631,53.117685,E01018480,Cheshire East 049B,Cheshire East 049B,365492.0,358211.0,-2.51706,53.11996,E02003837,Cheshire East 049,E38000151,NHS South Cheshire CCG,E54000008,NHS Cheshire and Merseyside Integrated Care Board,E06000049,Cheshire East,E54000008,Cheshire and Merseyside,,,,E55000002,Cheshire and Merseyside,E12000002,North West,England
48,L78XP,L78XP,0,0,0,England,Cheshire and Mersey SCN,Royal Liverpool and Broadgreen University Hospitals NHS Trust,Royal Liverpool University Hospital,Royal Liverpool University Hospital,534,40,7.5,335962,390733,-2.96480871412513,53.4095061521331,0,0,Liverpool,,Royal Liverpool University Hospital,-2.9648088,53.409506,E01006747,Liverpool 031B,Liverpool 031B,335857.0,390695.0,-2.96638,53.40916,E02001377,Liverpool 031,E38000101,NHS Liverpool CCG,E54000008,NHS Cheshire and Merseyside Integrated Care Board,E08000012,Liverpool,E54000008,Cheshire and Merseyside,,,,E55000002,Cheshire and Merseyside,E12000002,North West,England
49,PR86PN,PR86PN,0,0,0,England,Cheshire and Mersey SCN,Southport and Ormskirk Hospital NHS Trust,Southport and Formby District General,Southport and Formby District General,336,41,12.2,335417,415683,-2.97815935014415,53.6336669723685,0,0,Southport,,,,,,,,,,,,,,,,,,,,,,,,,,,,,
50,L355DR,L355DR,1,0,0,England,Cheshire and Mersey SCN,St Helens and Knowsley Teaching Hospitals NHS Trust,"Whiston Hospital, Prescot",Whiston Hospital HASU,997,135,13.5,347931,391806,-2.78495363551978,53.4204691574942,0,0,Prescot,,Whiston Hospital HASU,-2.7860133,53.420813,E01006499,Knowsley 009E,Knowsley 009E,347966.0,391917.0,-2.78444,53.42148,E02001335,Knowsley 009,E38000091,NHS Knowsley CCG,E54000008,NHS Cheshire and Merseyside Integrated Care Board,E08000011,Knowsley,E54000008,Cheshire and Merseyside,,,,E55000002,Cheshire and Merseyside,E12000002,North West,England
51,WA51QG,WA51QG,0,0,0,England,Cheshire and Mersey SCN,Warrington and Halton Hospitals NHS Foundation Trust,Warrington Hospital,Warrington Hospital,0,0,0.0,359485,388745,-2.61071739057057,53.3939731769586,0,0,Warrington,,,,,,,,,,,,,,,,,,,,,,,,,,,,,
52,CH495PE,CH495PE,1,0,0,England,Cheshire and Mersey SCN,Wirral University Teaching Hospital NHS Foundation Trust,"Arrowe Park Hospital, Wirral",Wirral Arrowe Park Hospital,642,41,6.4,327162,386488,-3.09618396895481,53.3702136339658,0,0,Wirral,,Wirral Arrowe Park Hospital,-3.0954486,53.370841,E01007251,Wirral 025B,Wirral 025B,327482.0,386577.0,-3.09139,53.37107,E02001491,Wirral 025,E38000208,NHS Wirral CCG,E54000008,NHS Cheshire and Merseyside Integrated Care Board,E08000015,Wirral,E54000008,Cheshire and Merseyside,,,,E55000002,Cheshire and Merseyside,E12000002,North West,England
53,FY38NR,FY38NR,1,0,0,England,Manchester, Lancashire & S.Cumbria SCN,Blackpool Teaching Hospitals NHS Foundation Trust,Blackpool Victoria Hospital,674,53,7.9,333194,436522,-3.01627940937185,53.8206603713282,0,0,Blackpool,,Blackpool Victoria Hospital,-3.0162645,53.820669,E01012722,Blackpool 009F,Blackpool 009F,333601.0,436767.0,-3.01014,53.82292,E02002641,Blackpool 009,E38000015,NHS Blackpool CCG,E54000048,NHS Lancashire and South Cumbria Integrated Care Board,E06000009,Blackpool,E54000048,Healthier Lancashire and South Cumbria,,,,E55000003,"Greater Manchester, Lancashire and South Cumbria",E12000002,North West,England
54,BB23HH,BB23HH,1,0,0,England,Manchester, Lancashire & S.Cumbria SCN,East Lancashire Hospitals NHS Trust,Royal Blackburn Hospital,765,83,10.8,369574,426674,-2.46271611507825,53.7355595277693,0,0,Blackburn,,Royal Blackburn Hospital,-2.4668058,53.736622,E01012632,Blackburn with Darwen 011F,Blackburn with Darwen 011F,369969.0,426153.0,-2.45667,53.73091,E02002625,Blackburn with Darwen 011,E38000014,NHS Blackburn with Darwen CCG,E54000048,NHS Lancashire and South Cumbria Integrated Care Board,E06000008,Blackburn with Darwen,E54000048,Healthier Lancashire and South Cumbria,,,,E55000003,"Greater Manchester, Lancashire and South Cumbria",E12000002,North West,England
55,PR29HT,PR29HT,1,1,1,England,Manchester, Lancashire & S.Cumbria SCN,Lancashire Teaching Hospitals NHS Foundation Trust,Royal Preston Hospital,735,50,6.8,353495,433014,-2.70740336464945,53.7913497648167,1,1,Preston,,Royal Preston Hospital,-2.7074034,53.79135,E01025300,Preston 004D,Preston 004D,354151.0,432764.0,-2.6974,53.78917,E02005256,Preston 004,E38000227,NHS Greater Preston CCG,E54000048,NHS Lancashire and South Cumbria Integrated Care Board,E07000123,Preston,E54000048,Healthier Lancashire and South Cumbria,,,,E55000003,"Greater Manchester, Lancashire and South Cumbria",E12000002,North West,England
56,BL97TD,BL97TD,1,0,0,England,Manchester, Lancashire & S.Cumbria SCN,Pennine Acute Hospitals NHS Trust,Fairfield General Hospital,861,83,9.6,383200,411579,-2.25533601340452,53.6005046781191,0,0,Bury,,Fairfield General Hospital,-2.2553361,53.600505,E01004954,Bury 007A,Bury 007A,383040.0,411765.0,-2.25776,53.60218,E02001025,Bury 007,E38000024,NHS Bury CCG,E54000057,NHS Greater Manchester Integrated Care Board,E08000002,Bury,E54000007,Greater Manchester Health and Social Care Partnership,,,,E55000003,"Greater Manchester, Lancashire and South Cumbria",E12000002,North West,England
57,M68HD,M68HD,1,1,1,England,Manchester, Lancashire & S.Cumbria SCN,Salford Royal NHS Foundation Trust,Salford Royal Hospital,1848,121,6.5,378637,399030,-2.32342429711137,53.4875446913618,1,1,Salford,,Salford Royal Hospital,-2.3226835,53.487232,E01005719,Salford 021C,Salford 021C,378479.0,398746.0,-2.32578,53.485,E02001177,Salford 021,E38000143,NHS Salford CCG,E54000057,NHS Greater Manchester Integrated Care Board,E08000006,Salford,E54000007,Greater Manchester Health and Social Care Partnership,,,,E55000003,"Greater Manchester, Lancashire and South Cumbria",E12000002,North West,England
58,SK27JE,SK27JE,1,0,0,England,Manchester, Lancashire & S.Cumbria SCN,Stockport NHS Foundation Trust,Stepping Hill Hospital,1227,103,8.4,391316,387445,-2.13201978467141,53.3837778944744,0,0,Stockport,,Stepping Hill Hospital,-2.1320199,53.383787,E01005801,Stockport 027B,Stockport 027B,391034.0,387415.0,-2.13625,53.38352,E02001213,Stockport 027,E38000174,NHS Stockport CCG,E54000057,NHS Greater Manchester Integrated Care Board,E08000007,Stockport,E54000007,Greater Manchester Health and Social Care Partnership,,,,E55000003,"Greater Manchester, Lancashire and South Cumbria",E12000002,North West,England
59,LA144LF,LA144LF,1,0,0,England,Manchester, Lancashire & S.Cumbria SCN,University Hospitals of Morecambe Bay NHS Foundation Trust,Furness General Hospital,216,32,14.8,321180,471847,-3.2078839040275,54.1363951868974,0,0,Furness,,Furness General Hospital,-3.2078839,54.136395,E01019155,Barrow-in-Furness 003D,Barrow-in-Furness 003D,321032.0,471896.0,-3.21015,54.13682,E02003979,Barrow-in-Furness 003,E38000228,NHS Morecambe Bay CCG,E54000048,NHS Lancashire and South Cumbria Integrated Care Board,E07000027,Barrow-in-Furness,E54000048,Healthier Lancashire and South Cumbria,,,,E55000003,"Greater Manchester, Lancashire and South Cumbria",E12000002,North West,England
60,LA14RP,LA14RP,1,0,0,England,Manchester, Lancashire & S.Cumbria SCN,University Hospitals of Morecambe Bay NHS Foundation Trust,Royal Lancaster Infirmary,495,39,7.9,347775,461064,-2.79902140888289,54.0428887158104,0,0,Lancaster,,Royal Lancaster Infirmary,-2.7990215,54.042889,E01033073,Lancaster 014F,Lancaster 014F,347491.0,461091.0,-2.80335,54.04311,E02005234,Lancaster 014,E38000228,NHS Morecambe Bay CCG,E54000048,NHS Lancashire and South Cumbria Integrated Care Board,E07000121,Lancaster,E54000048,Healthier Lancashire and South Cumbria,,,,E55000003,"Greater Manchester, Lancashire and South Cumbria",E12000002,North West,England
61,SR47TP,SR47TP,1,0,0,England,North of England SCN,City Hospitals Sunderland NHS Foundation Trust,Sunderland Royal Hospital,Sunderland Royal Hospital,711,81,11.4,437866,556641,-1.41101814882026,54.9030632819762,0,0,Sunderland,,Sunderland Royal Hospital,-1.4110182,54.903063,E01008704,Sunderland 011B,Sunderland 011B,438033.0,556876.0,-1.40839,54.90517,E02001801,Sunderland 011,E38000176,NHS Sunderland CCG,E54000050,NHS North East and North Cumbria Integrated Care Board,E08000024,Sunderland,E54000049,Cumbria and North East,,,,E55000004,Northern England,E12000001,North East,England
62,DH15TW,DH15TW,1,0,0,England,North of England SCN,County Durham and Darlington NHS Foundation Trust,University Hospital of North Durham,University Hospital of North Durham,961,94,9.8,426217,543809,-1.59383413272453,54.7884971809303,0,0,North Durham,,University Hospital of North Durham,-1.5929282,54.788899,E01020702,County Durham 033B,County Durham 033B,426893.0,543426.0,-1.58336,54.78502,E02004315,County Durham 033,E38000116,NHS North Durham CCG,E54000050,NHS North East and North Cumbria Integrated Care Board,E06000047,County Durham,E54000049,Cumbria and North East,,,,E55000004,Northern England,E12000001,North East,England
63,NE96SX,NE96SX,0,0,0,England,North of England SCN,Gateshead Health NHS Foundation Trust,"Queen Elizabeth Hospital, Gateshead",None (for 72h care),0,0,0.0,426956,560604,-1.58078085652079,54.939380037074,0,0,Gateshead,,,,,,,,,,,,,,,,,,,,,,,,,,,,,
64,NE14LP,NE14LP,1,1,1,England,North of England SCN,Newcastle upon Tyne Hospitals NHS Foundation Trust,"Royal Victoria Infirmary, Newcastle",Royal Victoria Infirmary,1096,134,12.2,424489,565063,-1.61890788086078,54.9795752730747,1,1,Newcastle,,Royal Victoria Infirmary,-1.6181094,54.979753,E01008395,Newcastle upon Tyne 024B,Newcastle upon Tyne 024B,423845.0,566233.0,-1.62888,54.99012,E02001731,Newcastle upon Tyne 024,E38000212,NHS Newcastle Gateshead CCG,E54000050,NHS North East and North Cumbria Integrated Care Board,E08000021,Newcastle upon Tyne,E54000049,Cumbria and North East,,,,E55000004,Northern England,E12000001,North East,England
65,CA27HY,CA27HY,1,0,0,England,North of England SCN,North Cumbria University Hospitals NHS Trust,"Cumberland Infirmary, Carlisle",Cumberland Infirmary,485,63,13.0,338830,556086,-2.95529485093638,54.8957447020199,0,0,Carlisle,,Cumberland Infirmary,-2.9552949,54.895745,E01019205,Carlisle 008A,Carlisle 008A,338648.0,556032.0,-2.95812,54.89524,E02003994,Carlisle 008,E38000215,NHS North Cumbria CCG,E54000050,NHS North East and North Cumbria Integrated Care Board,E07000028,Carlisle,E54000049,Cumbria and North East,,,,E55000004,Northern England,E12000002,North West,England
66,CA288JG,CA288JG,0,0,0,England,North of England SCN,North Cumbria University Hospitals NHS Trust,"West Cumberland Hospital, Whitehaven",West Cumberland Hospital,0,0,0.0,298940,516115,-3.56317480644758,54.5301954692638,0,0,Whitehaven,,,,,,,,,,,,,,,,,,,,,,,,,,,,,
67,TS198PE,TS198PE,1,0,0,England,North of England SCN,North Tees and Hartlepool NHS Foundation Trust,University Hospitals of North Tees and Hartlepool,University Hospitals of North Tees and Hartlepool,632,120,19.0,442265,521046,-1.34758073574816,54.5828567013516,0,0,Stockton-on-Tees,,University Hospitals of North Tees and Hartlepool,-1.3467595,54.582933,E01032544,Stockton-on-Tees 009H,Stockton-on-Tees 009H,442142.0,520798.0,-1.34953,54.58065,E02002543,Stockton-on-Tees 009,E38000075,NHS Hartlepool and Stockton-on-Tees CCG,E54000050,NHS North East and North Cumbria Integrated Care Board,E06000004,Stockton-on-Tees,E54000049,Cumbria and North East,,,,E55000004,Northern England,E12000001,North East,England
68,NE236NZ,NE236NZ,1,0,0,England,North of England SCN,Northumbria Healthcare NHS Foundation Trust,"Northumbria Specialist Emergency Care Hospital, Cramlington",Northumbria Specialist Emergency Care Hospital HASU,1101,140,12.7,427587,575599,-1.569492240417,55.0740891432743,0,0,Cramlington,,Northumbria Specialist Emergency Care Hospital HASU,-1.5694923,55.074089,E01027394,Northumberland 031A,Northumberland 031A,427385.0,575773.0,-1.57265,55.07567,E02005718,Northumberland 031,E38000130,NHS Northumberland CCG,E54000050,NHS North East and North Cumbria Integrated Care Board,E06000057,Northumberland,E54000049,Cumbria and North East,,,,E55000004,Northern England,E12000001,North East,England
69,TS43BW,TS43BW,1,0,0,England,North of England SCN,South Tees Hospitals NHS Foundation Trust,"James Cook University Hospital, Middlesbrough",James Cook University Hospital,752,97,12.9,450885,517673,-1.21480535351536,54.5517550511653,1,1,Middlesbrough,,James Cook University Hospital,-1.2142736,54.552075,E01012018,Middlesbrough 011A,Middlesbrough 011A,450737.0,517913.0,-1.21706,54.55394,E02002506,Middlesbrough 011,E38000162,NHS South Tees CCG,E54000050,NHS North East and North Cumbria Integrated Care Board,E06000002,Middlesbrough,E54000049,Cumbria and North East,,,,E55000004,Northern England,E12000001,North East,England
70,NE340PL,NE340PL,0,0,0,England,North of England SCN,South Tyneside NHS Foundation Trust,South Tyneside District Hospital,None (for 72h care),0,0,0.0,436591,564288,-1.4299296016733,54.9718724129765,0,0,South Tyneside,,,,,,,,,,,,,,,,,,,,,,,,,,,,,
71,S752EP,S752EP,0,0,0,England,Yorkshire and The Humber SCN,Barnsley Hospital NHS Foundation Trust,Barnsley Hospital,Barnsley Hospital,230,0,0.0,433252,407062,-1.49949293944882,53.5591315469525,0,0,Barnsley,,,,,,,,,,,,,,,,,,,,,,,,,,,,,
72,BD96RJ,BD96RJ,1,0,0,England,Yorkshire and The Humber SCN,Bradford Teaching Hospitals NHS Foundation Trust,Bradford Royal Infirmary,Bradford and Airedale SU,762,78,10.2,413618,434429,-1.79469661753354,53.8059804130318,0,0,Bradford,,Bradford and Airedale SU,-1.7948794,53.805882,E01010810,Bradford 037B,Bradford 037B,413481.0,434177.0,-1.79679,53.80373,E02002219,Bradford 037,E38000019,NHS Bradford Districts CCG,E54000054,NHS West Yorkshire Integrated Care Board,E08000032,Bradford,E54000005,West Yorkshire and Harrogate (Health and Care Partnership),,,,E55000005,Yorkshire and The Humber,E12000003,Yorkshire and The Humber,England
73,HX30PW,HX30PW,1,0,0,England,Yorkshire and The Humber SCN,Calderdale and Huddersfield NHS Foundation Trust,"Calderdale Royal Hospital, Halifax",Calderdale Royal Hospital,700,101,14.4,409504,423164,-1.85750856103884,53.7048212106392,0,0,Halifax,,Calderdale Royal Hospital,-1.8572797,53.705306,E01010972,Calderdale 021C,Calderdale 021C,409279.0,423411.0,-1.86091,53.70706,E02002264,Calderdale 021,E38000025,NHS Calderdale CCG,E54000054,NHS West Yorkshire Integrated Care Board,E08000033,Calderdale,E54000005,West Yorkshire and Harrogate (Health and Care Partnership),,,,E55000005,Yorkshire and The Humber,E12000003,Yorkshire and The Humber,England
74,S445BL,S445BL,1,0,0,England,Yorkshire and The Humber SCN,Chesterfield Royal Hospital NHS Foundation Trust,Chesterfield Royal Hospital,Chesterfield Royal,649,53,8.2,440141,371188,-1.40005134897679,53.2362136200304,0,0,Chesterfield,,Chesterfield Royal,-1.4000812,53.236223,E01019585,Chesterfield 012G,Chesterfield 012G,439664.0,371022.0,-1.40721,53.23477,E02004066,Chesterfield 012,E38000229,NHS Derby and Derbyshire CCG,E54000058,NHS Derby and Derbyshire Integrated Care Board,E07000034,Chesterfield,E54000012,Joined Up Care Derbyshire,,,,E55000007,East Midlands,E12000004,East Midlands,England
75,DN25LT,DN25LT,1,0,0,England,Yorkshire and The Humber SCN,Doncaster and Bassetlaw Hospitals NHS Foundation Trust,Doncaster Royal Infirmary,Doncaster Royal Infirmary,694,66,9.5,459143,404157,-1.109226278202,53.5307506320135,0,0,Doncaster,,Doncaster Royal Infirmary,-1.1092567,53.530742,E01007567,Doncaster 018D,Doncaster 018D,459229.0,403882.0,-1.10798,53.52829,E02001556,Doncaster 018,E38000044,NHS Doncaster CCG,E54000061,NHS South Yorkshire Integrated Care Board,E08000017,Doncaster,E54000009,South Yorkshire and Bassetlaw,,,,E55000005,Yorkshire and The Humber,E12000003,Yorkshire and The Humber,England
76,HG27SX,HG27SX,0,0,0,England,Yorkshire and The Humber SCN,Harrogate and District NHS Foundation Trust,Harrogate District Hospital,Harrogate District Hospital,0,0,0.0,431726,455415,-1.51757344983443,53.9938065833968,0,0,Harrogate,,,,,,,,,,,,,,,,,,,,,,,,,,,,,
77,HU32JZ,HU32JZ,1,1,1,England,Yorkshire and The Humber SCN,Hull and East Yorkshire Hospitals NHS Trust,Hull Royal Infirmary,Hull Royal Infirmary,919,128,13.9,508378,428777,-0.35814636322612,53.7441134781378,1,1,Hull,,Hull Royal Infirmary,-0.35827125,53.744412,E01012855,Kingston upon Hull 029D,Kingston upon Hull 029D,508599.0,428290.0,-0.35497,53.73971,E02002680,Kingston upon Hull 029,E38000085,NHS Hull CCG,E54000051,NHS Humber and North Yorkshire Integrated Care Board,E06000010,"Kingston upon Hull, City of",E54000006,"Humber, Coast and Vale",,,,E55000005,Yorkshire and The Humber,E12000003,Yorkshire and The Humber,England
78,LS13EX,LS13EX,1,1,1,England,Yorkshire and The Humber SCN,Leeds Teaching Hospitals NHS Trust,Leeds General Infirmary,Leeds General Infirmary,1323,125,9.4,429621,433998,-1.55174354469066,53.8014451910239,1,1,Leeds,,Leeds General Infirmary,-1.5517436,53.801445,E01033008,Leeds 111A,Leeds 111A,429481.0,433789.0,-1.55389,53.79959,E02006875,Leeds 111,E38000225,NHS Leeds CCG,E54000054,NHS West Yorkshire Integrated Care Board,E08000035,Leeds,E54000005,West Yorkshire and Harrogate (Health and Care Partnership),,,,E55000005,Yorkshire and The Humber,E12000003,Yorkshire and The Humber,England
79,WF14DG,WF14DG,1,0,0,England,Yorkshire and The Humber SCN,Mid Yorkshire Hospitals NHS Trust,"Pinderfields Hospital, Wakefield",Peterborough City Hospital,722,94,13.0,433870,421896,-1.48855528596908,53.6924180571396,0,0,Wakefield,,Pinderfields Hospital,-1.4884777,53.69258,E01011884,Wakefield 017A,Wakefield 017A,433476.0,421980.0,-1.49451,53.69321,E02002454,Wakefield 017,E38000190,NHS Wakefield CCG,E54000054,NHS West Yorkshire Integrated Care Board,E08000036,Wakefield,E54000005,West Yorkshire and Harrogate (Health and Care Partnership),,,,E55000005,Yorkshire and The Humber,E12000003,Yorkshire and The Humber,England
80,DN157BH,DN157BH,1,0,0,England,Yorkshire and The Humber SCN,Northern Lincolnshire and Goole Hospitals NHS Foundation Trust,Scunthorpe General Hospital,Scunthorpe General Hospital,641,46,7.2,488297,410936,-0.667599071909811,53.5875824511185,0,0,Scunthorpe,,Scunthorpe General Hospital,-0.66693886,53.58744,E01013333,North Lincolnshire 009C,North Lincolnshire 009C,488461.0,410958.0,-0.66512,53.58777,E02002757,North Lincolnshire 009,E38000122,NHS North Lincolnshire CCG,E54000051,NHS Humber and North Yorkshire Integrated Care Board,E06000013,North Lincolnshire,E54000006,"Humber, Coast and Vale",,,,E55000005,Yorkshire and The Humber,E12000003,Yorkshire and The Humber,England
81,S602UD,S602UD,0,0,0,England,Yorkshire and The Humber SCN,Rotherham NHS Foundation Trust,Rotherham General Hospital,Rotherham Hospital,0,0,0.0,443775,390997,-1.34288040232801,53.4139722161877,0,0,Rotherham,,,,,,,,,,,,,,,,,,,,,,,,,,,,,
82,S102JF,S102JF,1,1,1,England,Yorkshire and The Humber SCN,Sheffield Teaching Hospitals NHS Foundation Trust,"Royal Hallamshire Hospital, Sheffield",Royal Hallamshire Hospital,1352,116,8.6,433803,386953,-1.49333119170473,53.3783547730104,1,1,Sheffield,,Royal Hallamshire Hospital,-1.4934651,53.378472,E01007866,Sheffield 030A,Sheffield 030A,433881.0,387213.0,-1.49213,53.3807,E02001640,Sheffield 030,E38000146,NHS Sheffield CCG,E54000061,NHS South Yorkshire Integrated Care Board,E08000019,Sheffield,E54000009,South Yorkshire and Bassetlaw,,,,E55000005,Yorkshire and The Humber,E12000003,Yorkshire and The Humber,England
83,YO318HE,YO318HE,1,0,0,England,Yorkshire and The Humber SCN,York Teaching Hospital NHS Foundation Trust,York Hospital,York Hospital,946,107,11.3,460168,452930,-1.08428478372354,53.9689521446767,0,0,York,,York Hospital,-1.0836401,53.970547,E01013343,York 009A,York 009A,460344.0,453106.0,-1.08157,53.97053,E02002780,York 009,E38000188,NHS Vale of York CCG,E54000051,NHS Humber and North Yorkshire Integrated Care Board,E06000014,York,E54000006,"Humber, Coast and Vale",,,,E55000005,Yorkshire and The Humber,E12000003,Yorkshire and The Humber,England
84,KT160PZ,KT160PZ,1,0,0,England,South East SCN,Ashford and St Peter's Hospitals NHS Foundation Trust,"St Peter's Hospital, Chertsey",St Peter's Hospital,615,63,10.2,502611,165338,-0.527060332771996,51.3778316232928,0,0,Chertsey,,St Peter's Hospital,-0.52683986,51.377091,E01030677,Runnymede 008A,Runnymede 008A,500996.0,166243.0,-0.54998,51.38625,E02006400,Runnymede 008,E38000128,NHS North West Surrey CCG,E54000052,NHS Surrey Heartlands Integrated Care Board,E07000212,Runnymede,E54000035,Surrey Heartlands,,,,E55000010,South East Coast,E12000008,South East,England
85,RH164EX,RH164EX,0,0,0,England,South East SCN,Brighton and Sussex University Hospitals NHS Trust,"Princess Royal Hospital, Haywards Heath",Prince Philip Hospital,162,15,9.3,534125,123035,-0.0902821976581086,50.9910947638668,0,0,Haywards Heath,,Princess Royal Hospital Haywards Heath,-0.091075995,50.991198,E01031756,Mid Sussex 011E,Mid Sussex 011E,534048.0,122732.0,-0.09146,50.98838,E02006614,Mid Sussex 011,E38000083,NHS Horsham and Mid Sussex CCG,E54000053,NHS Sussex Integrated Care Board,E07000228,Mid Sussex,E54000033,Sussex and East Surrey,,,,E55000010,South East Coast,E12000008,South East,England
86,BN25BE,BN25BE,1,1,1,England,South East SCN,Brighton and Sussex University Hospitals NHS Trust,"Royal Sussex County Hospital, Brighton",Royal Sussex County Hospital,567,27,4.8,532654,103901,-0.118176639143772,50.8194683143702,1,1,Brighton,,Royal Sussex County Hospital,-0.11817668,50.819468,E01016862,Brighton and Hove 031B,Brighton and Hove 031B,532606.0,104046.0,-0.11877,50.82077,E02003521,Brighton and Hove 031,E38000021,NHS Brighton and Hove CCG,E54000053,NHS Sussex Integrated Care Board,E06000043,Brighton and Hove,E54000033,Sussex and East Surrey,,,,E55000010,South East Coast,E12000008,South East,England
87,DA28DA,DA28DA,1,0,0,England,South East SCN,Dartford and Gravesham NHS Trust,"Darent Valley Hospital, Dartford",Darent Valley Hospital,589,51,8.7,557094,173081,0.258644906557562,51.4349523086993,0,1,Dartford,,Darent Valley Hospital,0.25816101,51.435061,E01024133,Dartford 008A,Dartford 008A,557153.0,172396.0,0.259218,51.42878,E02005035,Dartford 008,E38000043,"NHS Dartford, Gravesham and Swanley CCG",E54000032,NHS Kent and Medway Integrated Care Board,E07000107,Dartford,E54000032,Kent and Medway,,,,E55000010,South East Coast,E12000008,South East,England
88,CT13NG,CT13NG,1,0,0,England,South East SCN,East Kent Hospitals University NHS Foundation Trust,Kent and Canterbury Hospital,Invicta Ward Kent and Canterbury Hospital,756,123,16.3,615456,156464,1.08708325821267,51.2665886862216,0,0,Canterbury,,Invicta Ward Kent and Canterbury Hospital ,1.0870832,51.266589,E01024046,Canterbury 016C,Canterbury 016C,615837.0,156202.0,1.092408,51.26409,E02005025,Canterbury 016,E38000029,NHS Canterbury and Coastal CCG,E54000032,NHS Kent and Medway Integrated Care Board,E07000106,Canterbury,E54000032,Kent and Medway,,,,E55000010,South East Coast,E12000008,South East,England
89,CT94AN,CT94AN,0,0,0,England,South East SCN,East Kent Hospitals University NHS Foundation Trust,"Queen Elizabeth the Queen Mother Hospital, Margate",Queen Elizabeth the Queen Mother Hospital,124,4,3.2,635967,169786,1.38938449976719,51.3780529089881,0,0,Margate,,Queen Elizabeth the Queen Mother Hospital,1.3893845,51.378053,E01024694,Thanet 004D,Thanet 004D,636387.0,169472.0,1.395226,51.37506,E02005135,Thanet 004,E38000184,NHS Thanet CCG,E54000032,NHS Kent and Medway Integrated Care Board,E07000114,Thanet,E54000032,Kent and Medway,,,,E55000010,South East Coast,E12000008,South East,England
90,TN240LZ,TN240LZ,0,0,0,England,South East SCN,East Kent Hospitals University NHS Foundation Trust,"William Harvey Hospital, Ashford",William Harvey Hospital,142,4,2.8,604090,142068,0.916208820390391,51.141489402416,0,0,Ashford,,William Harvey Hospital,0.91620878,51.141489,E01024004,Ashford 006E,Ashford 006E,603575.0,142234.0,0.908982,51.14316,E02005001,Ashford 006,E38000002,NHS Ashford CCG,E54000032,NHS Kent and Medway Integrated Care Board,E07000105,Ashford,E54000032,Kent and Medway,,,,E55000010,South East Coast,E12000008,South East,England
91,BN212UD,BN212UD,1,0,0,England,South East SCN,East Sussex Healthcare NHS Trust,Eastbourne District General Hospital,Eastbourne District General Hospital,737,57,7.7,560184,101058,0.271107518854703,50.7869685865215,0,0,Eastbourne,,Eastbourne District General Hospital,0.27110748,50.786969,E01020948,Eastbourne 008A,Eastbourne 008A,559879.0,100543.0,0.266589,50.78242,E02004363,Eastbourne 008,E38000055,"NHS Eastbourne, Hailsham and Seaford CCG",E54000053,NHS Sussex Integrated Care Board,E07000061,Eastbourne,E54000033,Sussex and East Surrey,,,,E55000010,South East Coast,E12000008,South East,England
92,KT187EG,KT187EG,1,0,0,England,South East SCN,Epsom and St Helier University Hospitals NHS Trust,Epsom Hospital,Epsom Hospital,318,17,5.3,520413,159906,-0.273231040865282,51.3255181033895,0,0,Epsom,,Epsom Hospital,-0.27340744,51.325026,E01030419,Epsom and Ewell 008D,Epsom and Ewell 008D,520545.0,160079.0,-0.27125,51.32704,E02006342,Epsom and Ewell 008,E38000177,NHS Surrey Downs CCG,E54000052,NHS Surrey Heartlands Integrated Care Board,E07000208,Epsom and Ewell,E54000035,Surrey Heartlands,,,,E55000010,South East Coast,E12000008,South East,England
93,GU167UJ,GU167UJ,1,0,0,England,South East SCN,Frimley Health NHS Foundation Trust,Frimley Park Hospital,Frimley Park Hospital,661,104,15.7,487761,158591,-0.742028678899665,51.319666275095,0,0,Frimley Park,,Frimley Park Hospital,-0.74155505,51.31967,E01030768,Surrey Heath 010C,Surrey Heath 010C,488092.0,158378.0,-0.73731,51.3177,E02006425,Surrey Heath 010,E38000178,NHS Surrey Heath CCG,E54000034,NHS Frimley Integrated Care Board,E07000214,Surrey Heath,E54000034,Frimley Health,,,,E55000010,South East Coast,E12000008,South East,England
94,ME169QQ,ME169QQ,1,0,0,England,South East SCN,Maidstone and Tunbridge Wells NHS Trust,Maidstone District General Hospital,Maidstone District General Hospital,990,118,11.9,573362,155654,0.483973960618425,51.2736620056562,0,0,Maidstone,,Maidstone District General Hospital,0.48397392,51.273662,E01033088,Maidstone 008F,Maidstone 008F,573422.0,155655.0,0.484864,51.27365,E02005075,Maidstone 008,E38000199,NHS West Kent CCG,E54000032,NHS Kent and Medway Integrated Care Board,E07000110,Maidstone,E54000032,Kent and Medway,,,,E55000010,South East Coast,E12000008,South East,England
95,TN24QJ,TN24QJ,0,0,0,England,South East SCN,Maidstone and Tunbridge Wells NHS Trust,Tunbridge Wells Hospital,None (for 72h care),0,0,0.0,561472,141407,0.307262014883147,51.1491492354431,0,0,Tunbridge Wells,,,,,,,,,,,,,,,,,,,,,,,,,,,,,
96,ME75NY,ME75NY,0,0,0,England,South East SCN,Medway NHS Foundation Trust,"Medway Maritime Hospital, Gillingham",None (for 72h care),0,0,0.0,577004,167601,0.542061733588743,51.3798619273707,0,0,Gillingham,,Medway Maritime Hospital,0.54221759,51.378267,E01016048,Medway 016D,Medway 016D,577062.0,167372.0,0.542809,51.37778,E02003329,Medway 016,E38000104,NHS Medway CCG,E54000032,NHS Kent and Medway Integrated Care Board,E06000035,Medway,E54000032,Kent and Medway,,,,E55000010,South East Coast,E12000008,South East,England
97,GU27XX,GU27XX,0,0,0,England,South East SCN,Royal Surrey County Hospital NHS Foundation Trust,"Royal Surrey County Hospital, Guildford",None (for 72h care),0,0,0.0,497304,150014,-0.607462569691107,51.2410161309746,0,0,Guildford,,,,,,,,,,,,,,,,,,,,,,,,,,,,,
98,RH15RH,RH15RH,1,0,0,England,South East SCN,Surrey and Sussex Healthcare NHS Trust,"East Surrey Hospital, Redhill",East Surrey Hospital,727,72,9.9,528458,148271,-0.162009298908532,51.2191939720502,0,0,Redhill,,East Surrey Hospital,-0.16128808,51.218607,E01030572,Reigate and Banstead 014C,Reigate and Banstead 014C,528479.0,148370.0,-0.16164,51.22007,E02006388,Reigate and Banstead 014,E38000054,NHS East Surrey CCG,E54000052,NHS Surrey Heartlands Integrated Care Board,E07000211,Reigate and Banstead,E54000033,Sussex and East Surrey,,,,E55000010,South East Coast,E12000008,South East,England
99,PO196SE,PO196SE,1,0,0,England,South East SCN,Western Sussex Hospitals NHS Trust,"St Richards Hospital, Chichester",St Richards Hospital,482,67,13.9,486835,105615,-0.768026899069288,50.8435534715906,0,1,Chichester,,St Richards Hospital,-0.7680267,50.843562,E01031483,Chichester 008B,Chichester 008B,487247.0,105669.0,-0.76214,50.84396,E02006568,Chichester 008,E38000213,NHS Coastal West Sussex CCG,E54000053,NHS Sussex Integrated Care Board,E07000225,Chichester,E54000033,Sussex and East Surrey,,,,E55000010,South East Coast,E12000008,South East,England
100,BN112DH,BN112DH,1,0,0,England,South East SCN,Western Sussex Hospitals NHS Trust,Worthing Hospital,Worthing Hospital,542,60,11.1,515386,103181,-0.363429195321681,50.8166912953448,0,0,Worthing,,Worthing Hospital,-0.36432126,50.816758,E01031789,Worthing 011C,Worthing 011C,515183.0,102722.0,-0.36642,50.81259,E02006631,Worthing 011,E38000213,NHS Coastal West Sussex CCG,E54000053,NHS Sussex Integrated Care Board,E07000229,Worthing,E54000033,Sussex and East Surrey,,,,E55000010,South East Coast,E12000008,South East,England
101,GL13NN,GL13NN,1,0,0,England,South West SCN,Gloucestershire Hospitals NHS Foundation Trust,"Gloucestershire Royal Hospital, Gloucester",Gloucestershire Royal Hospital,832,92,11.1,384117,218670,-2.23207278765537,51.866378892424,0,1,Gloucester,,Gloucestershire Royal Hospital,-2.2338867,51.866088,E01022311,Gloucester 002C,Gloucester 002C,383945.0,218836.0,-2.23457,51.86787,E02004637,Gloucester 002,E38000062,NHS Gloucestershire CCG,E54000043,NHS Gloucestershire Integrated Care Board,E07000081,Gloucester,E54000043,Gloucestershire,,,,E55000009,South West,E12000009,South West,England
102,SN36BB,SN36BB,1,0,0,England,South West SCN,Great Western Hospitals NHS Foundation Trust,"Great Western Hospital, Swindon",Great Western Hospital Swindon,640,60,9.4,419017,182216,-1.72720009478242,51.5385283507338,0,0,Swindon,,Great Western Hospital Swindon,-1.7276925,51.538161,E01015583,Swindon 025A,Swindon 025A,417001.0,179047.0,-1.7564,51.51009,E02003236,Swindon 025,E38000181,NHS Swindon CCG,E54000040,"NHS Bath and North East Somerset, Swindon and Wiltshire Integrated Care Board",E06000030,Swindon,E54000040,"Bath and North East Somerset, Swindon and Wiltshire",,,,E55000009,South West,E12000009,South West,England
103,BS105NB,BS105NB,1,1,1,England,South West SCN,North Bristol NHS Trust,North Bristol Hospital (Southmead),North Bristol Hospitals,775,59,7.6,358934,177759,-2.59296208417566,51.4972699039325,1,1,North Bristol,,North Bristol Hospitals,-2.5929485,51.497333,E01014631,Bristol 004A,Bristol 004A,359221.0,177988.0,-2.58885,51.49934,E02003015,Bristol 004,E38000222,"NHS Bristol, North Somerset and South Gloucestershire CCG",E54000039,"NHS Bristol, North Somerset and South Gloucestershire Integrated Care Board",E06000023,"Bristol, City of",E54000039,"Bristol, North Somerset and South Gloucestershire",,,,E55000009,South West,E12000009,South West,England
104,EX314JB,EX314JB,1,0,0,England,South West SCN,Northern Devon Healthcare NHS Trust,"North Devon District Hospital, Barnstaple",North Devon District Hospital,395,44,11.1,256506,134540,-4.05043137675056,51.092168764225,0,0,Barnstaple,,North Devon District Hospital,-4.0511326,51.092201,E01020134,North Devon 007C,North Devon 007C,256717.0,134252.0,-4.04732,51.08963,E02004181,North Devon 007,E38000230,NHS Devon CCG,E54000037,NHS Devon Integrated Care Board,E07000043,North Devon,E54000037,Devon,,,,E55000009,South West,E12000009,South West,England
105,PL68DH,PL68DH,1,1,1,England,South West SCN,Plymouth Hospitals NHS Trust,"Derriford Hospital, Plymouth",Derriford Hospital,766,78,10.2,249930,59564,-4.11368447542683,50.4167199488232,1,1,Plymouth,,Derriford Hospital,-4.1136845,50.41672,E01015092,Plymouth 005C,Plymouth 005C,249807.0,59251.0,-4.11531,50.41386,E02003126,Plymouth 005,E38000230,NHS Devon CCG,E54000037,NHS Devon Integrated Care Board,E06000026,Plymouth,E54000037,Devon,,,,E55000009,South West,E12000009,South West,England
106,TR13LQ,TR13LQ,1,0,0,England,South West SCN,Royal Cornwall Hospitals NHS Trust,"Royal Cornwall Hospital, Truro",Royal Cornwall Hospital,880,57,6.5,179581,45313,-5.09426260732006,50.2665574865421,0,0,Truro,,Royal Cornwall Hospital,-5.0946045,50.267934,E01018855,Cornwall 043C,Cornwall 043C,179334.0,45126.0,-5.09766,50.26477,E02003909,Cornwall 043,E38000089,NHS Kernow CCG,E54000036,NHS Cornwall and the Isles of Scilly Integrated Care Board,E06000052,Cornwall,E54000036,Cornwall and the Isles of Scilly,,,,E55000009,South West,E12000009,South West,England
107,EX25DW,EX25DW,1,0,0,England,South West SCN,Royal Devon and Exeter NHS Foundation Trust,Royal Devon and Exeter Hospital,Royal Devon and Exeter Hospital,809,90,11.1,293730,91869,-3.50667977701006,50.7167028363024,0,1,Exeter,,Royal Devon and Exeter Hospital,-3.5066801,50.716712,E01020013,Exeter 013C,Exeter 013C,293887.0,91792.0,-3.50444,50.71602,E02004161,Exeter 013,E38000230,NHS Devon CCG,E54000037,NHS Devon Integrated Care Board,E07000041,Exeter,E54000037,Devon,,,,E55000009,South West,E12000009,South West,England
108,BA13NG,BA13NG,1,0,0,England,South West SCN,Royal United Hospital Bath NHS Trust,Royal United Hospital Bath,Royal United Hospital Bath,654,49,7.5,372876,165920,-2.3912177824531,51.3916652420134,0,0,Bath,,Royal United Hospital Bath,-2.3905661,51.392764,E01014428,Bath and North East Somerset 008B,Bath and North East Somerset 008B,373014.0,165767.0,-2.38922,51.39029,E02002992,Bath and North East Somerset 008,E38000009,NHS Bath and North East Somerset CCG,E54000040,"NHS Bath and North East Somerset, Swindon and Wiltshire Integrated Care Board",E06000022,Bath and North East Somerset,E54000040,"Bath and North East Somerset, Swindon and Wiltshire",,,,E55000009,South West,E12000009,South West,England
109,SP28BJ,SP28BJ,1,0,0,England,South West SCN,Salisbury NHS Foundation Trust,Salisbury District Hospital,Salisbury District Hospital,332,32,9.6,414831,127198,-1.78982253494109,51.0439462771413,0,0,Salisbury,,Salisbury District Hospital,-1.7898225,51.043955,E01032000,Wiltshire 057A,Wiltshire 057A,413522.0,125592.0,-1.80854,51.02953,E02006672,Wiltshire 057,E38000206,NHS Wiltshire CCG,E54000040,"NHS Bath and North East Somerset, Swindon and Wiltshire Integrated Care Board",E06000054,Wiltshire,E54000040,"Bath and North East Somerset, Swindon and Wiltshire",,,,E55000009,South West,E12000009,South West,England
110,TA15DA,TA15DA,1,0,0,England,South West SCN,Taunton and Somerset NHS Foundation Trust,"Musgrove Park Hospital, Tautnon",Musgrove Park Hospital,644,56,8.7,321550,124217,-3.11964974241082,51.0119621290158,0,0,Taunton,,Musgrove Park Hospital,-3.1197783,51.01197,E01029302,Taunton Deane 011D,Taunton Deane 011D,321674.0,124269.0,-3.1179,51.01244,E02006109,Taunton Deane 011,E38000150,NHS Somerset CCG,E54000038,NHS Somerset Integrated Care Board,E07000190,Taunton Deane,E54000038,Somerset,,,,E55000009,South West,E12000009,South West,England
111,TQ27AA,TQ27AA,1,0,0,England,South West SCN,Torbay and South Devon NHS Foundation Trust,Torbay Hospital,Torbay Hospital,595,46,7.7,289857,65876,-3.55380386180876,50.4823161140488,0,0,Torbay,,Torbay Hospital,-3.5537901,50.482325,E01015251,Torbay 003C,Torbay 003C,289687.0,65704.0,-3.55616,50.48072,E02003156,Torbay 003,E38000230,NHS Devon CCG,E54000037,NHS Devon Integrated Care Board,E06000027,Torbay,E54000037,Devon,,,,E55000009,South West,E12000009,South West,England
112,BS28HW,BS28HW,0,0,0,England,South West SCN,University Hospitals Bristol NHS Foundation Trust,Bristol Royal Infirmary,University Hospitals Bristol Inpatient Team,436,24,5.5,358773,173521,-2.59478517229319,51.4591542444144,0,0,BRI,"Service likely to be moving to North Bristol Hospital (Southmead), so use just Southmead as single Bristol hospital",University Hospitals Bristol Inpatient Team,-2.596293,51.458886,E01014542,Bristol 032C,Bristol 032C,358503.0,173366.0,-2.59865,51.45773,E02003043,Bristol 032,E38000222,"NHS Bristol, North Somerset and South Gloucestershire CCG",E54000039,"NHS Bristol, North Somerset and South Gloucestershire Integrated Care Board",E06000023,"Bristol, City of",E54000039,"Bristol, North Somerset and South Gloucestershire",,,,E55000009,South West,E12000009,South West,England
113,BS234TQ,BS234TQ,1,0,0,England,South West SCN,Weston Area Health NHS Trust,"Weston General Hospital, Weston-super-Mare",Weston General Hospital,157,13,8.3,332406,158585,-2.97139859488981,51.3223348043607,0,0,Weston-Super-Mare,Weston super Mare is day-time only. Outside office hours they will go to North Bristol.,Weston General Hospital,-2.9713986,51.322335,E01014803,North Somerset 025A,North Somerset 025A,331775.0,158219.0,-2.98038,51.31896,E02003089,North Somerset 025,E38000222,"NHS Bristol, North Somerset and South Gloucestershire CCG",E54000039,"NHS Bristol, North Somerset and South Gloucestershire Integrated Care Board",E06000024,North Somerset,E54000039,"Bristol, North Somerset and South Gloucestershire",,,,E55000009,South West,E12000009,South West,England
114,BA214AT,BA214AT,1,0,0,England,South West SCN,Yeovil District Hospital NHS Foundation Trust,Yeovil District Hospital,Yeovil District Hospital,414,45,10.9,355505,116348,-2.63471222540145,50.9448427748345,0,0,Yeovil,,Yeovil District Hospital,-2.6339071,50.945297,E01029231,South Somerset 014A,South Somerset 014A,355602.0,116961.0,-2.6334,50.95035,E02006088,South Somerset 014,E38000150,NHS Somerset CCG,E54000038,NHS Somerset Integrated Care Board,E07000189,South Somerset,E54000038,Somerset,,,,E55000009,South West,E12000009,South West,England
115,HP112TT,HP112TT,1,0,0,England,Thames Valley SCN,Buckinghamshire Healthcare NHS Trust,"Wycombe General Hospital, High Wycombe",Wycombe General Hospital,817,114,14.0,486386,192694,-0.753427876955994,51.626441627287,0,0,High Wycombe,,Wycombe General Hospital,-0.75341914,51.626235,E01017837,Wycombe 015B,Wycombe 015B,486153.0,192993.0,-0.7567,51.62916,E02003710,Wycombe 015,E38000223,NHS Buckinghamshire CCG,E54000044,"NHS Buckinghamshire, Oxfordshire and Berkshire West Integrated Care Board",E07000007,Wycombe,E54000044,"Buckinghamshire, Oxfordshire and Berkshire West",,,,E55000011,Thames Valley,E12000008,South East,England
116,SL24HL,SL24HL,0,0,0,England,Thames Valley SCN,Frimley Health NHS Foundation Trust,"Wexham Park Hospital, Slough",Wexham Park Hospital,154,1,0.6,499011,182419,-0.573992290438217,51.5320071022779,0,0,Slough,,,,,,,,,,,,,,,,,,,,,,,,,,,,,
117,MK65LD,MK65LD,1,0,0,England,Thames Valley SCN,Milton Keynes University Hospital NHS Foundation Trust,Milton Keynes General Hospital,Milton Keynes General Hospital,233,35,15.0,486835,237194,-0.735795604621983,52.0263737755636,0,0,Milton Keynes,,Milton Keynes General Hospital,-0.73579539,52.026383,E01016845,Milton Keynes 018C,Milton Keynes 018C,487033.0,237015.0,-0.73293,52.02474,E02003476,Milton Keynes 018,E38000107,NHS Milton Keynes CCG,E54000024,"NHS Bedfordshire, Luton and Milton Keynes Integrated Care Board",E06000042,Milton Keynes,E54000024,"Bedfordshire, Luton and Milton Keynes",,,,E55000007,East Midlands,E12000008,South East,England
118,OX169AL,OX169AL,0,0,0,England,Thames Valley SCN,Oxford University Hospitals NHS Foundation Trust,"Horton General Hospital, Banbury",None (for 72h care),0,0,0.0,445545,239765,-1.33719040609511,52.0544058966964,0,0,Banbury,,,,,,,,,,,,,,,,,,,,,,,,,,,,,
119,OX39DU,OX39DU,1,1,1,England,Thames Valley SCN,Oxford University Hospitals NHS Foundation Trust,"John Radcliffe Hospital, Oxford",John Radcliffe Hospital,702,158,22.5,453940,207531,-1.21980631318006,51.7638705791614,1,1,Oxford,,John Radcliffe Hospital,-1.2198064,51.763871,E01028534,Oxford 006A,Oxford 006A,453819.0,207382.0,-1.22156,51.76254,E02005945,Oxford 006,E38000136,NHS Oxfordshire CCG,E54000044,"NHS Buckinghamshire, Oxfordshire and Berkshire West Integrated Care Board",E07000178,Oxford,E54000044,"Buckinghamshire, Oxfordshire and Berkshire West",,,,E55000011,Thames Valley,E12000008,South East,England
120,RG15AN,RG15AN,1,0,0,England,Thames Valley SCN,Royal Berkshire NHS Foundation Trust,"Royal Berkshire Hospital, Reading",Royal Berkshire Hospital,676,186,27.5,472411,172962,-0.959330046811133,51.4510218243252,0,0,Reading,,Royal Berkshire Hospital,-0.95864504,51.451402,E01016414,Reading 014F,Reading 014F,472527.0,172884.0,-0.95765,51.4503,E02003402,Reading 014,E38000221,NHS Berkshire West CCG,E54000044,"NHS Buckinghamshire, Oxfordshire and Berkshire West Integrated Care Board",E06000038,Reading,E54000044,"Buckinghamshire, Oxfordshire and Berkshire West",,,,E55000011,Thames Valley,E12000008,South East,England
121,DT12JY,DT12JY,1,0,0,England,Wessex SCN,Dorset County Hospital NHS Foundation Trust,"Dorset County Hospital, Dorchester",Dorset County Hospital,526,58,11.0,368541,90463,-2.44693621226397,50.7129404196835,0,0,Dorchester,,Dorset County Hospital,-2.4471253,50.713461,E01032643,West Dorset 009G,West Dorset 009G,368543.0,90831.0,-2.44693,50.71624,E02004277,West Dorset 009,E38000045,NHS Dorset CCG,E54000041,NHS Dorset Integrated Care Board,E07000052,West Dorset,E54000041,Dorset,,,,E55000012,Wessex,E12000009,South West,England
122,SO225DG,SO225DG,1,0,0,England,Wessex SCN,Hampshire Hospitals NHS Foundation Trust,"Royal Hampshire County Hospital, Winchester",Royal Hampshire County Hospital,659,46,7.0,447107,129366,-1.32917014128962,51.061706404773,0,0,Winchester,,Royal Hampshire County Hospital,-1.3309587,51.061375,E01023263,Winchester 007C,Winchester 007C,446834.0,129125.0,-1.33308,51.05955,E02004835,Winchester 007,E38000198,NHS West Hampshire CCG,E54000042,NHS Hampshire and Isle of Wight Integrated Care Board,E07000094,Winchester,E54000042,Hampshire and the Isle of Wight,,,,E55000012,Wessex,E12000008,South East,England
123,PO305TG,PO305TG,1,0,0,England,Wessex SCN,Isle of Wight NHS Trust,"St Mary's Hospital, Newport",St Mary's Hospital Newport,310,40,12.9,449427,90367,-1.30132993714197,50.7108429611941,0,0,Newport,,St Mary's Hospital Newport,-1.3008871,50.711101,E01017334,Isle of Wight 008E,Isle of Wight 008E,449164.0,91549.0,-1.30488,50.72148,E02003588,Isle of Wight 008,E38000087,NHS Isle of Wight CCG,E54000042,NHS Hampshire and Isle of Wight Integrated Care Board,E06000046,Isle of Wight,E54000042,Hampshire and the Isle of Wight,,,,E55000012,Wessex,E12000008,South East,England
124,BH152JB,BH152JB,0,0,0,England,Wessex SCN,Poole Hospital NHS Foundation Trust,Poole Hospital,Poole Hospital,0,0,0.0,401994,91374,-1.97311685675033,50.7219873441308,0,0,Poole,,,,,,,,,,,,,,,,,,,,,,,,,,,,,
125,PO63LY,PO63LY,1,0,0,England,Wessex SCN,Portsmouth Hospitals NHS Trust,"Queen Alexandra Hospital, Portsmouth",Queen Alexandra Hospital Portsmouth,1018,174,17.1,465570,106054,-1.06993179364148,50.8502973944385,0,0,Portsmouth,,Queen Alexandra Hospital Portsmouth,-1.0713238,50.849589,E01017051,Portsmouth 002A,Portsmouth 002A,465509.0,106003.0,-1.07079,50.84983,E02003525,Portsmouth 002,E38000137,NHS Portsmouth CCG,E54000042,NHS Hampshire and Isle of Wight Integrated Care Board,E06000044,Portsmouth,E54000042,Hampshire and the Isle of Wight,,,,E55000012,Wessex,E12000008,South East,England
126,BH77DW,BH77DW,1,0,0,England,Wessex SCN,Royal Bournemouth and Christchurch Hospitals NHS Foundation Trust,Royal Bournemouth Hospital,University Hospitals Dorset HASU,1183,123,10.4,412759,94224,-1.82051953842013,50.7474817307173,0,0,Bournemouth,,University Hospitals Dorset Stroke Service,-1.8205054,50.747482,E01015319,Bournemouth 011D,Bournemouth 011D,412572.0,94011.0,-1.82317,50.74556,E02003182,Bournemouth 011,E38000045,NHS Dorset CCG,E54000041,NHS Dorset Integrated Care Board,E06000028,Bournemouth,E54000041,Dorset,,,,E55000012,Wessex,E12000009,South West,England
127,SO166YD,SO166YD,1,1,1,England,Wessex SCN,University Hospital Southampton NHS Foundation Trust,Southampton General Hospital,Southampton General Hospital,803,93,11.6,439793,114993,-1.43510397517124,50.9330193381314,1,1,Southampton,,Southampton General Hospital,-1.435104,50.933019,E01017251,Southampton 010C,Southampton 010C,439606.0,114748.0,-1.43778,50.93082,E02003558,Southampton 010,E38000167,NHS Southampton CCG,E54000042,NHS Hampshire and Isle of Wight Integrated Care Board,E06000045,Southampton,E54000042,Hampshire and the Isle of Wight,,,,E55000012,Wessex,E12000008,South East,England
128,NP448YN,NP44 8YN,1,0,0,Wales,Wales,Wales,Grange University Hospital (Newport),Grange University Hospital,705,79,11.2,331159,194636,-2.99633138621035,51.6462884019269,0,0,Newport,,Grange University Hospital,-2.9963314,51.646288,W01001508,Torfaen 013C,Tor-faen 013C,330783.0,194302.0,-3.0017,51.64324,W02000335,Torfaen 013,,,,,W06000020,Torfaen,,,W11000028,Aneurin Bevan University Health Board,Bwrdd Iechyd Prifysgol Aneurin Bevan,,,W92000004,Wales,Wales
129,LL185UJ,LL18 5UJ,1,0,0,Wales,Wales,Wales,Glan Clwyd District General Hospital (Rhyl),Glan Clwyd District General Hospital,411,66,16.1,300309,376019,-3.49634519469325,53.2717550491881,0,0,Rhyl,,Glan Clwyd District General Hospital,-3.4963452,53.271755,W01000191,Denbighshire 009A,Sir Ddinbych 009A,300655.0,376547.0,-3.49132,53.27658,W02000050,Denbighshire 009,,,,,W06000004,Denbighshire,,,W11000023,Betsi Cadwaladr University Health Board,Bwrdd Iechyd Prifysgol Betsi Cadwaladr,,,W92000004,Wales,Wales
130,LL137TD,LL13 7TD,1,0,0,Wales,Wales,Wales,Maelor Hospital (Wrexham),Maelor Hospital,369,57,15.4,332375,350356,-3.01018020325524,53.0461733909502,0,0,Wrexham,,Maelor Hospital,-3.0101802,53.046173,W01000349,Wrexham 011A,Wrecsam 011A,331816.0,350271.0,-3.01849,53.04535,W02000088,Wrexham 011,,,,,W06000006,Wrexham,,,W11000023,Betsi Cadwaladr University Health Board,Bwrdd Iechyd Prifysgol Betsi Cadwaladr,,,W92000004,Wales,Wales
131,LL572PW,LL57 2PW,1,0,0,Wales,Wales,Wales,Ysbyty Gwynedd (Bangor),Ysbyty Gwynedd,333,26,7.8,255857,370173,-4.15982510460998,53.2090195511646,0,0,Bangor,,Ysbyty Gwynedd,-4.1598251,53.20902,W01000102,Gwynedd 002E,Gwynedd 002E,256044.0,369033.0,-4.15651,53.19884,W02000011,Gwynedd 002,,,,,W06000002,Gwynedd,,,W11000023,Betsi Cadwaladr University Health Board,Bwrdd Iechyd Prifysgol Betsi Cadwaladr,,,W92000004,Wales,Wales
132,CF144XW,CF14 4XW,1,1,1,Wales,Wales,Wales,University Hospital of Wales (Cardiff),University Hospital of Wales,737,61,8.3,317551,179319,-3.18936031675543,51.5067643318912,1,1,Cardiff,Cardiff added to thrombectomy centres (increase numbers to 25 & 31 for examples),University Hospital of Wales,-3.1893604,51.506764,W01001770,Cardiff 018B,Caerdydd 018B,317843.0,179719.0,-3.18525,51.5104,W02000384,Cardiff 018,,,,,W06000015,Cardiff,,,W11000029,Cardiff and Vale University Health Board,Bwrdd Iechyd Prifysgol Caerdydd aâ€™r Fro,,,W92000004,Wales,Wales
133,CF479DT,CF47 9DT,1,0,0,Wales,Wales,Wales,Prince Charles Hospital (Merthyr Tydfil),Pinderfields Hospital,1052,146,13.9,304481,208161,-3.38550448851503,51.7639540082508,0,0,Merthyr Tydfil,,Prince Charles Hospital,-3.3855045,51.763954,W01001299,Merthyr Tydfil 008A,Merthyr Tudful 008A,304777.0,208262.0,-3.38125,51.76491,W02000415,Merthyr Tydfil 008,,,,,W06000024,Merthyr Tydfil,,,W11000030,Cwm Taf Morgannwg University Health Board,Bwrdd Iechyd Prifysgol Cwm Taf Morgannwg,,,W92000004,Wales,Wales
134,CF311RQ,CF31 1RQ,1,0,0,Wales,Wales,Wales,Princess Of Wales Hospital (Bridgend),Prince Charles Hospital,507,52,10.3,291047,181033,-3.5716381846259,51.5176763869279,0,0,Bridgend,,Princess Of Wales Hospital,-3.5716382,51.517676,W01001038,Bridgend 011C,Pen-y-bont ar Ogwr 011C,291013.0,181014.0,-3.57213,51.5175,W02000228,Bridgend 011,,,,,W06000013,Bridgend,,,W11000030,Cwm Taf Morgannwg University Health Board,Bwrdd Iechyd Prifysgol Cwm Taf Morgannwg,,,W92000004,Wales,Wales
135,SY231ER,SY23 1ER,1,0,0,Wales,Wales,Wales,Bronglais Hospital (Aberystwyth),Bronglais Hospital,126,33,26.2,259208,281805,-4.07157747719359,52.4160678421817,0,0,Aberystwyth,,Bronglais Hospital,-4.0715775,52.416068,W01000512,Ceredigion 002A,Ceredigion 002A,259109.0,281629.0,-4.07296,52.41447,W02000117,Ceredigion 002,,,,,W06000008,Ceredigion,,,W11000025,Hywel Dda University Health Board,Bwrdd Iechyd Prifysgol Hywel Dda,,,W92000004,Wales,Wales
136,SA148QF,SA14 8QF,1,0,0,Wales,Wales,Wales,Prince Philip Hospital (Llanelli),Prince Philip Hospital,162,15,9.3,252459,201367,-4.13597414237787,51.6916123753968,0,0,Llanelli,,Prince Philip Hospital,-4.1359742,51.691612,W01000652,Carmarthenshire 020B,Sir Gaerfyrddin 020B,252192.0,201433.0,-4.13988,51.69214,W02000161,Carmarthenshire 020,,,,,W06000010,Carmarthenshire,,,W11000025,Hywel Dda University Health Board,Bwrdd Iechyd Prifysgol Hywel Dda,,,W92000004,Wales,Wales
137,SA312AF,SA31 2AF,1,0,0,Wales,Wales,Wales,West Wales General (Carmarthen),West Wales General,207,22,10.6,242792,221240,-4.28472260396951,51.8675241877699,0,0,Carmarthen,,West Wales General,-4.2847226,51.867524,W01000640,Carmarthenshire 007D,Sir Gaerfyrddin 007D,242294.0,221982.0,-4.29231,51.87405,W02000148,Carmarthenshire 007,,,,,W06000010,Carmarthenshire,,,W11000025,Hywel Dda University Health Board,Bwrdd Iechyd Prifysgol Hywel Dda,,,W92000004,Wales,Wales
138,SA612PZ,SA61 2PZ,1,0,0,Wales,Wales,Wales,Withybush General Hospital (Haverfordwest),Withybush General Hospital,208,35,16.8,195710,216835,-4.96507236336433,51.8127155501321,0,0,Haverfordwest,,Withybush General Hospital,-4.9650724,51.812716,W01000572,Pembrokeshire 005D,Sir Benfro 005D,195982.0,216488.0,-4.96096,51.80971,W02000130,Pembrokeshire 005,,,,,W06000009,Pembrokeshire,,,W11000025,Hywel Dda University Health Board,Bwrdd Iechyd Prifysgol Hywel Dda,,,W92000004,Wales,Wales
139,SA66NL,SA6 6NL,1,0,0,Wales,Wales,Wales,Morriston Hospital (Swansea),Morriston Hospital,615,104,16.9,266311,200206,-3.93525244105766,51.6846518900639,0,0,Swansea,,Morriston Hospital,-3.9352525,51.684652,W01000816,Swansea 003F,Abertawe 003F,266467.0,200202.0,-3.93301,51.68465,W02000170,Swansea 003,,,,,W06000011,Swansea,,,W11000031,Swansea Bay University Health Board,Bwrdd Iechyd Prifysgol Bae Abertawe,,,W92000004,Wales,Wales
140,NP202UB,NP20 2UB,0,0,0,Wales,Wales,Wales,Royal Gwent Hospital (Newport),Royal Gwent Hospital,0,0,0.0,330932,187243,-2.99815227513076,51.5797980319754,0,0,Newport,,,,,,,,,,,,,,,,,,,,,,,,,,,,,
